time,Rainf,Humidity,Air Temperature,Wind_N,Wind_E,Weather
2023-08-01 00:00:00,0.0,0.0105877,293.85,-1.43,0.54,No Rain
2023-08-01 01:00:00,0.0,0.0103852,293.02,-1.69,0.67,No Rain
2023-08-01 02:00:00,0.0,0.0101828,292.2,-1.95,0.8,No Rain
2023-08-01 03:00:00,0.0,0.0099803,291.37,-2.21,0.93,No Rain
2023-08-01 04:00:00,0.0,0.0096927,290.95,-1.99,0.71,No Rain
2023-08-01 05:00:00,0.0,0.009405,290.52,-1.76,0.5,No Rain
2023-08-01 06:00:00,0.0,0.0091174,290.1,-1.53,0.28,No Rain
2023-08-01 07:00:00,0.0,0.008969,289.52,-1.68,-0.07,No Rain
2023-08-01 08:00:00,0.0,0.0088206,288.95,-1.82,-0.41,No Rain
2023-08-01 09:00:00,0.0,0.0086722,288.37,-1.97,-0.75,No Rain
2023-08-01 10:00:00,0.0,0.0091353,289.19,-1.96,-0.95,No Rain
2023-08-01 11:00:00,0.0,0.0095984,290.01,-1.96,-1.15,No Rain
2023-08-01 12:00:00,0.0,0.0100614,290.83,-1.95,-1.35,No Rain
2023-08-01 13:00:00,0.0,0.0097453,292.06,-1.46,-1.17,No Rain
2023-08-01 14:00:00,0.0,0.0094291,293.3,-0.97,-0.99,No Rain
2023-08-01 15:00:00,0.0,0.009113,294.54,-0.49,-0.82,No Rain
2023-08-01 16:00:00,0.0,0.0091543,295.36,0.08,-0.9,No Rain
2023-08-01 17:00:00,0.3673,0.0091955,296.18,0.65,-0.98,Light Rain
2023-08-01 18:00:00,0.0,0.0092368,297.0,1.22,-1.06,No Rain
2023-08-01 19:00:00,0.0,0.0094208,297.16,1.47,-1.02,No Rain
2023-08-01 20:00:00,0.0,0.0096048,297.32,1.71,-0.98,No Rain
2023-08-01 21:00:00,0.0,0.0097889,297.49,1.95,-0.94,No Rain
2023-08-01 22:00:00,0.0,0.0103973,296.51,1.71,-1.3,No Rain
2023-08-01 23:00:00,0.0,0.0110058,295.54,1.47,-1.67,No Rain
2022-08-01 00:00:00,0.0,0.011153,300.98,1.03,-2.53,No Rain
2022-08-01 01:00:00,0.0,0.011395,298.42,1.15,-2.34,No Rain
2022-08-01 02:00:00,0.0,0.011637,295.86,1.28,-2.16,No Rain
2022-08-01 03:00:00,0.0,0.011879,293.3,1.41,-1.98,No Rain
2022-08-01 04:00:00,0.0,0.0118111,292.82,1.66,-1.11,No Rain
2022-08-01 05:00:00,0.0,0.0117432,292.34,1.9,-0.24,No Rain
2022-08-01 06:00:00,0.0,0.0116752,291.85,2.15,0.62,No Rain
2022-08-01 07:00:00,0.0,0.0116261,291.6,2.12,1.24,No Rain
2022-08-01 08:00:00,0.0,0.0115769,291.35,2.09,1.85,No Rain
2022-08-01 09:00:00,0.0,0.0115278,291.1,2.07,2.46,No Rain
2022-08-01 10:00:00,0.0,0.0118615,292.26,2.26,2.35,No Rain
2022-08-01 11:00:00,0.0,0.0121951,293.42,2.45,2.23,No Rain
2022-08-01 12:00:00,0.0,0.0125288,294.58,2.65,2.12,No Rain
2022-08-01 13:00:00,0.0,0.0126055,296.8,2.85,1.91,No Rain
2022-08-01 14:00:00,0.0,0.0126823,299.02,3.06,1.7,No Rain
2022-08-01 15:00:00,0.0,0.012759,301.24,3.27,1.5,No Rain
2022-08-01 16:00:00,0.0,0.0127094,301.94,3.81,1.43,No Rain
2022-08-01 17:00:00,0.0,0.0126598,302.65,4.36,1.36,No Rain
2022-08-01 18:00:00,0.0,0.0126102,303.35,4.9,1.29,No Rain
2022-08-01 19:00:00,0.0,0.012545,303.75,4.67,1.69,No Rain
2022-08-01 20:00:00,0.0,0.0124798,304.15,4.44,2.09,No Rain
2022-08-01 21:00:00,0.0,0.0124146,304.56,4.2,2.48,No Rain
2022-08-01 22:00:00,0.0493,0.0126565,303.5,4.24,3.2,Very Light Rain
2022-08-01 23:00:00,0.0405,0.0128983,302.45,4.28,3.91,Very Light Rain
2021-08-01 00:00:00,0.0664,0.010808,291.66,0.88,-2.43,Very Light Rain
2021-08-01 01:00:00,0.0512,0.0107149,290.98,1.39,-2.49,Very Light Rain
2021-08-01 02:00:00,0.0264,0.0106219,290.3,1.89,-2.55,Very Light Rain
2021-08-01 03:00:00,0.0512,0.0105288,289.62,2.39,-2.6,Very Light Rain
2021-08-01 04:00:00,0.0968,0.0104867,289.44,2.48,-2.41,Very Light Rain
2021-08-01 05:00:00,0.06,0.010445,289.26,2.57,-2.21,Very Light Rain
2021-08-01 06:00:00,0.0192,0.0104032,289.08,2.66,-2.02,Very Light Rain
2021-08-01 07:00:00,0.0,0.0103807,289.17,2.36,-1.43,No Rain
2021-08-01 08:00:00,0.0,0.0103584,289.25,2.07,-0.84,No Rain
2021-08-01 09:00:00,0.0,0.0103359,289.34,1.77,-0.25,No Rain
2021-08-01 10:00:00,0.0028,0.0106859,290.15,1.19,-0.17,Very Light Rain
2021-08-01 11:00:00,0.0024,0.011036,290.97,0.6,-0.1,Very Light Rain
2021-08-01 12:00:00,0.0024,0.0113861,291.78,0.02,-0.02,Very Light Rain
2021-08-01 13:00:00,0.1112,0.0111329,292.61,0.51,0.86,Very Light Rain
2021-08-01 14:00:00,0.2832,0.0108801,293.44,1.0,1.75,Light Rain
2021-08-01 15:00:00,0.5472,0.0106272,294.27,1.49,2.63,Light Rain
2021-08-01 16:00:00,0.2904,0.0103539,294.69,1.07,2.4,Light Rain
2021-08-01 17:00:00,0.1472,0.0100805,295.12,0.65,2.16,Very Light Rain
2021-08-01 18:00:00,0.0632,0.0098073,295.54,0.23,1.93,Very Light Rain
2021-08-01 19:00:00,0.0064,0.0096323,295.71,-0.09,1.8,Very Light Rain
2021-08-01 20:00:00,0.0064,0.0094575,295.88,-0.41,1.67,Very Light Rain
2021-08-01 21:00:00,0.0064,0.0092826,296.05,-0.72,1.53,Very Light Rain
2021-08-01 22:00:00,0.0016,0.0093832,295.37,-1.29,1.37,Very Light Rain
2021-08-01 23:00:00,0.0016,0.0094837,294.7,-1.86,1.21,Very Light Rain
2020-08-01 00:00:00,0.0,0.0093147,301.58,1.23,-1.5,No Rain
2020-08-01 01:00:00,0.0,0.0094791,299.79,1.39,-1.22,No Rain
2020-08-01 02:00:00,0.0,0.0096436,298.01,1.55,-0.95,No Rain
2020-08-01 03:00:00,0.0,0.0098078,296.22,1.7,-0.670002,No Rain
2020-08-01 04:00:00,0.0,0.0099065,295.45,1.26,0.01,No Rain
2020-08-01 05:00:00,0.0,0.0100052,294.69,0.81,0.68,No Rain
2020-08-01 06:00:00,0.0,0.0101039,293.92,0.37,1.36,No Rain
2020-08-01 07:00:00,0.0,0.0103148,293.37,-0.15,1.1,No Rain
2020-08-01 08:00:00,0.0,0.0105258,292.83,-0.68,0.83,No Rain
2020-08-01 09:00:00,0.0,0.0107369,292.28,-1.2,0.57,No Rain
2020-08-01 10:00:00,0.0,0.0109067,293.44,-1.05,0.14,No Rain
2020-08-01 11:00:00,0.0,0.0110767,294.6,-0.91,-0.3,No Rain
2020-08-01 12:00:00,0.0,0.0112468,295.76,-0.77,-0.74,No Rain
2020-08-01 13:00:00,0.0,0.0105903,297.75,-0.48,-1.77,No Rain
2020-08-01 14:00:00,0.0,0.0099342,299.74,-0.2,-2.8,No Rain
2020-08-01 15:00:00,0.0,0.0092779,301.72,0.09,-3.83,No Rain
2020-08-01 16:00:00,0.0,0.0091352,302.71,0.48,-4.12,No Rain
2020-08-01 17:00:00,0.0,0.0089926,303.69,0.88,-4.41,No Rain
2020-08-01 18:00:00,0.0,0.00885,304.67,1.27,-4.69,No Rain
2020-08-01 19:00:00,0.0052,0.0087994,304.43,1.18,-4.71,Very Light Rain
2020-08-01 20:00:00,0.0056,0.0087484,304.18,1.08,-4.72,Very Light Rain
2020-08-01 21:00:00,0.0056,0.0086977,303.94,0.98,-4.73,Very Light Rain
2020-08-01 22:00:00,0.0072,0.0091314,302.99,0.51,-4.59,Very Light Rain
2020-08-01 23:00:00,0.0072,0.0095651,302.04,0.04,-4.45,Very Light Rain
2019-08-01 00:00:00,0.06,0.0115957,298.32,1.2,1.84,Very Light Rain
2019-08-01 01:00:00,0.0,0.0111377,296.33,0.36,1.76,No Rain
2019-08-01 02:00:00,0.0,0.0106794,294.35,-0.48,1.68,No Rain
2019-08-01 03:00:00,0.0,0.0102213,292.37,-1.33,1.6,No Rain
2019-08-01 04:00:00,0.0,0.0101702,291.57,-1.96,1.64,No Rain
2019-08-01 05:00:00,0.0,0.0101192,290.77,-2.59,1.69,No Rain
2019-08-01 06:00:00,0.0,0.0100678,289.97,-3.23,1.73,No Rain
2019-08-01 07:00:00,0.0,0.0099742,289.45,-3.27,0.77,No Rain
2019-08-01 08:00:00,0.0,0.0098812,288.93,-3.3,-0.19,No Rain
2019-08-01 09:00:00,0.0,0.0097877,288.4,-3.34,-1.15,No Rain
2019-08-01 10:00:00,0.0,0.0099421,289.42,-3.43,-1.72,No Rain
2019-08-01 11:00:00,0.0,0.0100966,290.44,-3.51,-2.29,No Rain
2019-08-01 12:00:00,0.0,0.0102513,291.46,-3.6,-2.86,No Rain
2019-08-01 13:00:00,0.0,0.0101285,293.36,-3.03,-2.8,No Rain
2019-08-01 14:00:00,0.0,0.0100056,295.27,-2.46,-2.75,No Rain
2019-08-01 15:00:00,0.0,0.0098831,297.17,-1.9,-2.69,No Rain
2019-08-01 16:00:00,0.0,0.0096605,298.41,-1.36,-2.82,No Rain
2019-08-01 17:00:00,0.0,0.0094384,299.65,-0.83,-2.95,No Rain
2019-08-01 18:00:00,0.0,0.0092158,300.9,-0.29,-3.07,No Rain
2019-08-01 19:00:00,0.0,0.0090387,301.2,-0.12,-3.02,No Rain
2019-08-01 20:00:00,0.0,0.0088618,301.5,0.05,-2.98,No Rain
2019-08-01 21:00:00,0.0,0.0086848,301.79,0.22,-2.93,No Rain
2019-08-01 22:00:00,0.0016,0.0091928,300.79,0.01,-2.69,Very Light Rain
2019-08-01 23:00:00,0.0016,0.0097013,299.79,-0.2,-2.46,Very Light Rain
2018-08-01 00:00:00,0.0,0.0127585,299.62,-1.29,-6.19,No Rain
2018-08-01 01:00:00,0.0,0.0130585,298.2,-1.16,-5.79,No Rain
2018-08-01 02:00:00,0.0,0.0133586,296.78,-1.02,-5.38,No Rain
2018-08-01 03:00:00,0.0,0.0136587,295.37,-0.88,-4.98,No Rain
2018-08-01 04:00:00,0.0,0.0138146,295.35,-0.63,-4.9,No Rain
2018-08-01 05:00:00,0.0,0.0139706,295.34,-0.39,-4.81,No Rain
2018-08-01 06:00:00,0.0,0.0141267,295.33,-0.14,-4.73,No Rain
2018-08-01 07:00:00,0.0,0.0142294,295.02,0.07,-4.56,No Rain
2018-08-01 08:00:00,0.0,0.0143321,294.72,0.28,-4.39,No Rain
2018-08-01 09:00:00,0.0,0.0144348,294.41,0.5,-4.22,No Rain
2018-08-01 10:00:00,0.0792,0.0145248,294.97,0.71,-4.09,Very Light Rain
2018-08-01 11:00:00,0.0788,0.0146146,295.53,0.92,-3.96,Very Light Rain
2018-08-01 12:00:00,0.0788,0.0147047,296.09,1.13,-3.83,Very Light Rain
2018-08-01 13:00:00,0.0,0.0145253,297.86,1.71,-3.25,No Rain
2018-08-01 14:00:00,0.0,0.0143457,299.63,2.29,-2.68,No Rain
2018-08-01 15:00:00,0.0,0.014166,301.4,2.87,-2.1,No Rain
2018-08-01 16:00:00,0.0,0.0138414,302.27,3.17,-1.34,No Rain
2018-08-01 17:00:00,0.0,0.013517,303.14,3.48,-0.58,No Rain
2018-08-01 18:00:00,0.0,0.0131923,304.01,3.78,0.19,No Rain
2018-08-01 19:00:00,0.0,0.0129985,303.96,3.81,0.77,No Rain
2018-08-01 20:00:00,0.0,0.0128048,303.92,3.83,1.35,No Rain
2018-08-01 21:00:00,0.0,0.0126107,303.87,3.86,1.94,No Rain
2018-08-01 22:00:00,0.0048,0.012396,303.28,3.9,2.72,Very Light Rain
2018-08-01 23:00:00,0.3416,0.0121807,302.7,3.95,3.5,Light Rain
2017-08-01 00:00:00,0.0052,0.0115688,301.77,-0.45,-3.46,Very Light Rain
2017-08-01 01:00:00,0.0,0.011784,300.15,-0.09,-2.89,No Rain
2017-08-01 02:00:00,0.0,0.0119995,298.53,0.28,-2.32,No Rain
2017-08-01 03:00:00,0.0,0.0122147,296.9,0.64,-1.75,No Rain
2017-08-01 04:00:00,0.0,0.0121448,296.39,0.45,-1.22,No Rain
2017-08-01 05:00:00,0.0,0.0120753,295.88,0.26,-0.69,No Rain
2017-08-01 06:00:00,0.0,0.0120054,295.37,0.07,-0.16,No Rain
2017-08-01 07:00:00,0.0,0.0118958,294.92,0.14,0.27,No Rain
2017-08-01 08:00:00,0.0,0.0117859,294.48,0.22,0.71,No Rain
2017-08-01 09:00:00,0.0,0.0116763,294.03,0.29,1.14,No Rain
2017-08-01 10:00:00,0.0,0.0118808,294.75,0.24,1.1,No Rain
2017-08-01 11:00:00,0.0,0.0120854,295.46,0.18,1.06,No Rain
2017-08-01 12:00:00,0.0,0.0122898,296.17,0.12,1.02,No Rain
2017-08-01 13:00:00,0.0,0.012105,298.1,0.36,0.34,No Rain
2017-08-01 14:00:00,0.0,0.0119204,300.03,0.61,-0.35,No Rain
2017-08-01 15:00:00,0.0,0.0117358,301.96,0.85,-1.03,No Rain
2017-08-01 16:00:00,0.0748,0.0118516,302.53,1.05,-1.54,Very Light Rain
2017-08-01 17:00:00,0.0748,0.0119671,303.11,1.25,-2.04,Very Light Rain
2017-08-01 18:00:00,0.0748,0.0120829,303.68,1.45,-2.55,Very Light Rain
2017-08-01 19:00:00,0.5184,0.0130282,303.2,1.49,-2.54,Light Rain
2017-08-01 20:00:00,3.1376,0.0139735,302.72,1.54,-2.53,Moderate Rain
2017-08-01 21:00:00,0.8136,0.0149185,302.23,1.58,-2.53,Light Rain
2017-08-01 22:00:00,0.2044,0.0155351,301.21,1.25,-2.53,Very Light Rain
2017-08-01 23:00:00,0.2044,0.0161513,300.18,0.92,-2.52,Very Light Rain
2016-08-01 00:00:00,0.0,0.0134172,298.51,-1.12,-4.04,No Rain
2016-08-01 01:00:00,0.0,0.0132226,296.65,-1.11,-3.87,No Rain
2016-08-01 02:00:00,0.0,0.0130283,294.8,-1.1,-3.71,No Rain
2016-08-01 03:00:00,0.0,0.0128338,292.94,-1.09,-3.55,No Rain
2016-08-01 04:00:00,0.0,0.0126838,292.64,-1.24,-3.43,No Rain
2016-08-01 05:00:00,0.0,0.0125332,292.33,-1.4,-3.32,No Rain
2016-08-01 06:00:00,0.0,0.012383,292.02,-1.56,-3.21,No Rain
2016-08-01 07:00:00,0.0,0.0122622,291.89,-1.61,-3.1,No Rain
2016-08-01 08:00:00,0.0,0.0121408,291.75,-1.66,-3.0,No Rain
2016-08-01 09:00:00,0.0,0.0120197,291.62,-1.71,-2.9,No Rain
2016-08-01 10:00:00,0.0,0.0123572,292.45,-1.55,-2.83,No Rain
2016-08-01 11:00:00,0.0,0.0126946,293.28,-1.38,-2.75,No Rain
2016-08-01 12:00:00,0.0,0.0130317,294.11,-1.21,-2.68,No Rain
2016-08-01 13:00:00,0.0,0.0128388,295.95,-1.12,-2.6,No Rain
2016-08-01 14:00:00,0.0,0.0126464,297.8,-1.03,-2.52,No Rain
2016-08-01 15:00:00,0.0,0.0124534,299.64,-0.94,-2.45,No Rain
2016-08-01 16:00:00,0.0,0.012167,300.59,-0.62,-2.6,No Rain
2016-08-01 17:00:00,0.2076,0.0118803,301.53,-0.3,-2.74,Very Light Rain
2016-08-01 18:00:00,0.1152,0.0115936,302.48,0.02,-2.89,Very Light Rain
2016-08-01 19:00:00,0.0096,0.0115286,302.75,0.12,-2.7,Very Light Rain
2016-08-01 20:00:00,0.0,0.0114641,303.02,0.22,-2.51,No Rain
2016-08-01 21:00:00,0.0,0.0113991,303.29,0.33,-2.32,No Rain
2016-08-01 22:00:00,0.0496,0.011967,302.28,0.17,-2.33,Very Light Rain
2016-08-01 23:00:00,0.1,0.012535,301.27,0.02,-2.34,Very Light Rain
2015-08-01 00:00:00,0.0176,0.0094052,301.65,1.78,5.18,Very Light Rain
2015-08-01 01:00:00,0.0,0.0093118,300.03,1.65,5.38,No Rain
2015-08-01 02:00:00,0.0,0.009218,298.42,1.52,5.58,No Rain
2015-08-01 03:00:00,0.312,0.0091243,296.81,1.39,5.78,Light Rain
2015-08-01 04:00:00,0.0752,0.0094042,295.93,1.03,5.04,Very Light Rain
2015-08-01 05:00:00,0.0,0.0096837,295.04,0.68,4.3,No Rain
2015-08-01 06:00:00,0.0,0.0099637,294.16,0.33,3.56,No Rain
2015-08-01 07:00:00,0.0,0.010043,293.35,-0.54,3.31,No Rain
2015-08-01 08:00:00,0.0,0.0101219,292.54,-1.41,3.07,No Rain
2015-08-01 09:00:00,0.0,0.0102013,291.73,-2.28,2.83,No Rain
2015-08-01 10:00:00,0.0,0.0099309,292.36,-2.34,3.01,No Rain
2015-08-01 11:00:00,0.0,0.0096605,292.99,-2.39,3.2,No Rain
2015-08-01 12:00:00,0.0,0.00939,293.61,-2.45,3.38,No Rain
2015-08-01 13:00:00,0.0,0.0090443,295.17,-1.86,3.3,No Rain
2015-08-01 14:00:00,0.0,0.0086989,296.72,-1.26,3.21,No Rain
2015-08-01 15:00:00,0.0,0.0083533,298.28,-0.67,3.13,No Rain
2015-08-01 16:00:00,0.0,0.0081931,299.19,-0.11,2.72,No Rain
2015-08-01 17:00:00,0.0,0.0080328,300.11,0.44,2.31,No Rain
2015-08-01 18:00:00,0.0,0.0078724,301.02,1.0,1.9,No Rain
2015-08-01 19:00:00,0.8372,0.0079257,301.18,1.26,2.04,Light Rain
2015-08-01 20:00:00,0.844,0.0079792,301.34,1.52,2.19,Light Rain
2015-08-01 21:00:00,0.8732,0.0080323,301.49,1.78,2.33,Light Rain
2015-08-01 22:00:00,0.3208,0.0080611,300.9,1.87,2.77,Light Rain
2015-08-01 23:00:00,0.3208,0.0080899,300.3,1.96,3.21,Light Rain
2014-08-01 00:00:00,0.0,0.0117606,294.78,1.81,0.98,No Rain
2014-08-01 01:00:00,0.0,0.0110313,293.34,2.06,0.86,No Rain
2014-08-01 02:00:00,0.0,0.0103021,291.9,2.32,0.73,No Rain
2014-08-01 03:00:00,0.2059,0.0095728,290.46,2.57,0.6,Very Light Rain
2014-08-01 04:00:00,0.0,0.009499,289.95,2.6,0.61,No Rain
2014-08-01 05:00:00,0.0,0.0094252,289.44,2.62,0.62,No Rain
2014-08-01 06:00:00,0.0,0.0093513,288.93,2.65,0.63,No Rain
2014-08-01 07:00:00,0.0,0.0094189,288.8,2.7,0.56,No Rain
2014-08-01 08:00:00,0.0,0.0094864,288.68,2.74,0.5,No Rain
2014-08-01 09:00:00,0.0,0.009554,288.55,2.79,0.43,No Rain
2014-08-01 10:00:00,0.0,0.0100226,289.57,2.64,0.75,No Rain
2014-08-01 11:00:00,0.0,0.0104912,290.58,2.5,1.07,No Rain
2014-08-01 12:00:00,0.0418,0.0109599,291.59,2.36,1.39,Very Light Rain
2014-08-01 13:00:00,0.0,0.0116044,293.36,2.17,1.15,No Rain
2014-08-01 14:00:00,0.0,0.012249,295.13,1.98,0.92,No Rain
2014-08-01 15:00:00,0.0,0.0128935,296.9,1.8,0.69,No Rain
2014-08-01 16:00:00,0.0,0.0130481,297.98,1.81,0.76,No Rain
2014-08-01 17:00:00,0.0,0.0132027,299.07,1.82,0.83,No Rain
2014-08-01 18:00:00,0.0,0.0133573,300.15,1.84,0.9,No Rain
2014-08-01 19:00:00,0.0,0.0132253,300.32,1.54,0.34,No Rain
2014-08-01 20:00:00,0.0002,0.0130934,300.49,1.24,-0.22,Very Light Rain
2014-08-01 21:00:00,0.1655,0.0129614,300.66,0.94,-0.78,Very Light Rain
2014-08-01 22:00:00,3.5304,0.0134513,299.74,0.75,-1.15,Moderate Rain
2014-08-01 23:00:00,0.064,0.0139412,298.82,0.56,-1.52,Very Light Rain
